Text,Predicted_Sentiment
hold tata consultancy service target r 4432 anand rathi,Positive
gopal snack stock slump 3 despite positive q2 result emkay remains bullish,Positive
subscribe hyundai motor india ipo asit c mehta,Positive
subscribe hyundai motor india ipo geojit financial service,Positive
hcl tech q2 fy25 steam stock post strong quarter,Positive
reduce hcl technology target r 1710 icici security,Positive
jsw infra share rise 3 nuvama initiate buy strong prospect,Positive
sunteck realty stock jump 7 robust q2 business update r 520 cr presales,Positive
stock radar hcltech reliance industry q2 angel one jsw infrastructure focus,Positive
live ril hcltech fuel gain nifty hyundai motor india ipo open opening bell,Positive
agri pick report october 15 2024 geojit financial service,Negative
hdfc bank stock get jefferies buy rating strong deposit growth ldr improvement plan,Positive
stock day rainbow childrens medicare hospital stock nourish investment portfolio,Positive
angel one stock surge 8 robust net profit revenue growth q2,Negative
jsw infrastructure share gain 2 loi maharashtra maritime board,Positive
j kumar infra share price gain order win worth r 2978 crore,Positive
stock market live update nifty 25050 sensex 220 pt mm bajaj finance indusind bank ril top loser,Negative
first tick top 10 global cue todayâs trade,Positive
trade spotlight trade indusind bank tech mahindra firstcry persistent aditya birla capital others tuesday,Positive
stock radar reliance hcl tech angel one sunteck realty chalet hotel garuda construction j kumar focus tuesday,Positive
reliance industry q2 consumptionoriented segment telecom retail drive growth,Positive
bajaj auto q2 preview revenue may rise 23 strong volume rich product mix,Positive
taking stock nifty close 25100 sensex gain 592 point led realty bank stock,Positive
gainer loser stock sector moved october 14,Positive
live nifty reclaims 25100 driven realty ril dmart focus closing bell,Positive
buy cie automotive india target r 650 motilal oswal,Positive
buy federal bank target r 230 motilal oswal,Positive
premier energy stock jump 10 subsidiary bag multiple order worth r 765 crore,Positive
buy ipca laboratory target r 1950 motilal oswal,Positive
buy skipper target r 635 icici security,Positive
hyundais mega ipo book ride,Positive
reduce avenue supermarts target r 4100 icici security,Positive
hold avenue supermarts target r 4748 prabhudas lilladher,Positive
hathway cable stock jump 3 q2 profit revenue rise,Positive
hold sudarshan chemical industry target r 1117 lkp research,Positive
subscribe hyundai motor india ipo ajcon global,Positive
gqg partner promoter entity buy adani group share worth r 19000 crore september quarter,Positive
wipro stock rise 3 board mull bonus issue october 17,Positive
subscribe hyundai motor india ipo kr choksey,Positive
time turn cautious dmart,Positive
analyst call tracker powergrid stock picked maximum downgrade last quarter,Positive
buy tata motor target r 1319 sharekhan,Positive
concor share slip 2 morgan stanley issue underweight rating,Positive
stock radar ashoka buildcon ilfs wipro ltd pnc infratech focus 14 october,Positive
chart day untapped potential india mutual fund,Positive
analyst call tracker divis lab win back favour nifty 50 departure,Positive
divergence order booking tc accenture warrant investor attention,Positive
short call market wobble bullish reboot chinaâs shortterm spark v indiaâs longterm fire dmart tc focus,Negative
live nifty continue struggle direction amid earnings ril hcl tech q2 opening bell,Positive
agri pick report october 14 2024 geojit financial service,Negative
jpmorgan back lt stock overweight rating see strong revenue growth margin gain,Positive
brokerage radar mixed call avenue supermarts outlook bullish omcs life insurer,Positive
pnc infratech stock gain bagging r 2039 crore contract cidco naina project,Positive
ashoka buildcon share gain 5 winning project worth r 230999 crore,Positive
closing bell sensex 592 pt nifty 25100 realty bank shine,Positive
first tick top 10 global cue todayâs trade,Positive
money matter snowball v avalancheâwhich debt repayment strategy maximize saving,Positive
stock radar pnc infratech jsw energy valore estate metropolis ashoka buildcon hindustan aeronautics focus monday,Positive
trade spotlight trade persistent tata chemical exide industry hindustan aeronautics gujarat alkali others monday,Positive
chartist talk strong bullish momentum suggests right time buy hindalco nalco cg power say sudeep shah sbi security,Positive
sp 500 dow hit record boosted bank earnings surprise,Positive
market extends loss second week rupee weakens past 84,Positive
broader index outperformance continues 50 smallcaps gain 1028,Positive
meet noel naval tata new chairman tata trust,Positive
taking stock nifty close 25000 sensex fall 230 pt rangebound session metal shine,Positive
nifty fails reclaim 25000 bank drag metal shine hope china stimulus closing bell,Positive
tata steel q2 pat may dip 314 yoy r 320 cr pl capital,Positive
subscribe hyundai motor india ipo lkp research,Positive
sail q2 pat may dip 239 yoy r 940 cr pl capital,Positive
nmdc q2 pat seen 278 yoy r 1310 cr pl capital,Positive
jsw steel q2 pat may dip 352 yoy r 1550 cr pl capital,Positive
jindal steel power q2 pat may dip 41 yoy r 820 cr pl capital,Positive
jindal stainless q2 pat may dip 159 yoy r 650 cr pl capital,Positive
hindalco industry q2 pat seen 571 yoy r 3350 cr pl capital,Positive
aurionpro solution stock jump 4 firm expands transaction banking platform saudi arabia,Positive
hope china stimulus lift metal stock upto 35 nifty metal index surge 1,Positive
buy blue dart express target r 9900 motilal oswal,Positive
buy tc target r 5400 motilal oswal,Positive
usha martin zoom 16 hit fresh record high volume spurt,Positive
buy tata consultancy service target r 5230 sharekhan,Positive
reduce tc target r 4500 emkay global financial,Positive
hold tata elxsi target r 7590 icici security,Positive
cummins india stock tumble 6 goldman sachs downgrade sell,Negative
accumulate muthoot finance target r 2140 geojit financial service,Positive
short call real estate may gain rbi neutral stance war could hurt fmcg gmr airport tc focus,Negative
bondada engg stock soar 5 r 1132 crore order win,Positive
stock day vguard industry ltd firing growth cylinder invest,Positive
ashoka metcast stock zoom 20 hit upper circuit q2 net profit surge 894 yoy,Negative
stock radar oct 11 tc ireda anand rathi wealth mazagon dock shipbuilder focus,Positive
khyati global venture share list 6 premium ipo price bse sme,Positive
buy tata consultancy service target r 4920 prabhudas lilladher,Positive
ireda share gain strong q2 earnings report multibagger stock zoom 125 ytd,Positive
anand rathi wealth stock zoom 6 upbeat q2 earnings show,Positive
creditaccess grameen share decline 3 nomura downgrade reduce,Positive
tata elxsi share edge higher solid q2 result stock underperforms nifty ytd,Positive
citi warns regulatory delay goa facility could erode ciplas abraxane opportunity,Positive
chinese share slide focus policy briefing,Positive
agri pick report october 11 2024 geojit financial service,Negative
tc q2 fy25 â make sense look beyond quarterly miss,Positive
new owner glenmark life science aim shed past constraint,Positive
tc get bullish call despite q2 result miss analyst eye recovery stock extends fall check share price target,Positive
krsnaa diagnostics share hit 52week high winning two project,Positive
mazagon dock bag order worth r 1217 crore share trade lower,Negative
closing bell nifty 25000 sensex 230 pt auto bank drag metal outshine,Positive
buffett cut bofa stake 10 letting trade secret,Positive
first tick top 10 global cue todayâs trade,Positive
stock radar tc ireda krsnaa diagnostics oberoi realty bandhan bank mazagon dock focus friday,Positive
trade spotlight trade tata motor gujarat alkali kotak bank cg power mazagon dock others friday,Positive
gainer loser stock sector moved october 10,Positive
taking stock nifty close 25000 sensex rise 144 pt pharma stock fall,Positive
live nifty pares gain tata stock surge tc q2 awaited closing bell,Positive
petronet lng q2 pat seen 09 yoy r 830 cr pl capital,Positive
ongc q2 pat may dip 93 yoy r 9270 cr pl capital,Positive
oil india q2 pat may dip 271 yoy r 1960 cr pl capital,Positive
iocl q2 pat may dip 766 yoy r 3040 cr pl capital,Positive
mahanagar gas q2 pat may dip 78 yoy r 310 cr pl capital,Positive
buy oil india target r 720 motilal oswal,Positive
indraprastha gas q2 pat may dip 175 yoy r 440 cr pl capital,Positive
hpcl q2 pat may dip 729 yoy r 1390 cr pl capital,Positive
gujarat state petronet q2 pat may dip 443 yoy r 300 cr pl capital,Positive
gujarat gas q2 pat seen 65 yoy r 320 cr pl capital,Positive
hsbc reaffirms bullish call varun beverage firm approves r 7500 crore qip,Positive
gail q2 pat seen 4 yoy r 2500 cr pl capital,Positive
subscribe hyundai motor india ipo anand rathi,Positive
bpcl q2 pat may dip 616 yoy r 3260 cr pl capital,Positive
biggest ipo india help investor make money,Positive
ashoka buildcon zoom 5 jv emerges lowest bidder r 1668 cr cidco project,Positive
midday mood nifty sensex hold firm bank energy counter rally pharma buck trend,Positive
oil india share rise 3 motilal oswal reiterates buy attractive valuation,Positive
high interest tata group stock tata investment corp tata chemical rise 10,Positive
rain industry share surge 9 arm ink pact develop anode material ev battery,Positive
gtpl hathway stock slip 3 sharp plunge q2 profit,Positive
tata tech share rise 4 despite axis capital reduce call,Positive
guruspeak gaurav chopra technofunda investor mastered world,Positive
hal mazagon dock bdl defence stock gain cc clear defence deal worth r 80000 crore,Positive
live nifty make decisive comeback weekly expiry day tc q2 earnings today opening bell,Positive
star health insurance stock fall 25 massive data breach,Positive
pnc infratech stock jump 5 winning r 2091 crore project near upcoming navi mumbai airport,Positive
nifty sensex open strong sector begin green tc adani enterprise focus,Positive
ratan tata commanded infinite pe value brought business immeasurable say madhusudan kela,Positive
agri pick report october 10 2024 geojit financial service,Negative
market minuteswill market snap bear grip amid positive cue defence stock adani enterprise focus,Negative
bernstein limit pb fintechs downside 100 million healthcare foray falter,Positive
adani enterprise stock focus company launch first tranche qip raise 500 million,Negative
g r infraprojects share gain 5 winning metro project worth r 903 crore,Positive
rcf share jump 5 awarding contract worth r 1000 cr lt,Positive
brokerage radar 360 one get buy tag varun beverage gmr airport oil india enjoy bullish call,Positive
first tick top 10 global cue todayâs trade,Positive
closing bell sensex 144 pt nifty 25000 pharma top drag,Positive
stock radar britannia adani enterprise pnc infratech tc gr infraprojects rain industry focus thursday,Positive
trade spotlight trade cipla tech mahindra cdsl hindalco exide eih others thursday,Positive
hitech pipe qip get bid worth r 800 crore top mf participate offer,Positive
live nifty shed 200 point day high midcaps firm amcs divis lab focus closing bell,Positive
taking stock nifty close 25000 sensex fall 850 pt day high rbi keep repo rate unchanged,Negative
gainer loser stock sector moved october 9,Positive
zee entertainment q2 pat may dip 449 yoy r 1377 cr pl capital,Positive
nazara technology q2 pat seen 179 yoy r 214 cr pl capital,Positive
bharti airtel q2 pat seen 1893 yoy r 38785 cr pl capital,Positive
rbi mpc expert pick top 10 ratesensitive stock rbi keep repo rate unchanged shift stance neutral,Negative
divis lab hit record high citi initiate buy call bullish price target,Positive
neutral clean science technology target r 1580 motilal oswal,Positive
financier fails make longterm cut despite glitter,Positive
premier energy stock jump 7 arm bag solar module supply order,Positive
buy avalon technology target r 690 motilal oswal,Positive
alembic pharma zoom record high usfda greenlights gujarat facility,Positive
stock day nazara tech vantage position capitalise opportunity,Positive
ajmera realty soar 55 healthy q2 business update,Positive
godrej consumer growth momentum stay course valuation capture potential,Negative
buy eureka forbes target r 660 icici security,Positive
torrent power share zoom 9 securing 2000 mw energy storage contract msedcl,Positive
spicejet stock jump 7 airline settle 132 million lessor dispute 225 million,Positive
panda panic china rally slump stimulus hope fade flash pan,Positive
dr reddys share rise positive outcome india maiden cart cell trial blood cancer,Positive
senco gold stock surge 45 robust q2 business update retail growth 27,Positive
stock radar torrent power infosys dr reddyâs laboratory focus,Positive
agri pick report october 09 2024 geojit financial service,Negative
live nifty bull prevail focus shift rbi policy hyundai ipo next week opening bell,Positive
bull charge ahead rbi mpc q2 earnings spark volatility infosys irfc focus market minute,Positive
phoenix mill share gain 2 better number september 2024,Positive
irb infrastructure share gain 2 post robust toll collection september,Positive
closing bell sensex 168 pt nifty 25000 realty shine fmcg drag,Positive
first tick top 10 global cue todayâs trade,Positive
hyundai motor india raise r 8315 crore via anchor bidding october 14,Positive
trade spotlight trade bse abb siemens cg power max healthcare institute others wednesday,Positive
stock radar infosys dr reddys pb fintech premier energy phoenix mill signaturegobal focus wednesday,Positive
gainer loser stock sector moved october 8,Positive
taking stock market snap sixsession losing streak nifty close 25000 sensex 585 pt,Positive
buy pvr inox target r 1850 emkay global financial,Positive
sell india buy china trade belief samir arora hang seng dive 11,Negative
skipper stock zoom 15 nuvama initiate coverage buy multibagger rise 120 ytd,Positive
buy genus power infra target r 500 emkay global financial,Positive
buy tata motor target r 1175 emkay global financial,Positive
nifty medium top sectoral gainer soar 3 pvr tv today network18 lead rally,Positive
zomato stock soar hsbc ups target blinkit outpacing swiggy instamart boost sentiment,Positive
buy zomato target r 320 motilal oswal,Positive
neutral tata motor target r 990 motilal oswal,Positive
sobha share slump 3 following muted q2 biz update multibagger 150 year,Negative
subscribe garuda construction engineering ltd kr chokse,Positive
subscribe garuda construction engineering ltd anand rathi,Positive
heg stock soar 6 firm acquires 823 stake rival graftech international r 24862 crore,Positive
chinese stock breaking breaking bad,Positive
spicejet share price jump 9 airline announces fleet expansion continues turnaround r 3000cr qip,Positive
stock day 360 one wam worthy stock bet,Positive
stock radar tata motor hitech pipe hdfc bank ircon international focus,Positive
krsnaa diagnostics creating new opportunity,Positive
metal stock melt china state planner stimulus plan disappoint iron ore price tumble,Positive
paramount dye tec list 6 discount ipo price nse sme,Positive
tata power jsw energy stock get buy call nomura 32 upside seen amid strong outlook,Positive
mm share rise 2 clsa upgrade outperform,Positive
tata motor share price extends loss 3 ubs keep sell,Negative
agri pick report october 08 2024 geojit financial service,Negative
nifty 6 record peak worst yet come hdfc bank nykaa focus opening bell,Positive
bel bag additional order worth r 500 crore stock focus,Positive
nbfc q2 preview growth hold stable margin,Positive
fsn ecommerce stock drop 25 despite midtwenties revenue surge q2,Negative
para defence close qip set issue price r 1045 per share stock fall 2,Positive
lemon tree hotel sign new property udaipur rajasthan stock trade lower,Negative
first tick top 10 global cue todayâs trade,Positive
zodiac energy share gain 3 bagging order worth r 15427 crore ahmedabad municipal corp,Positive
closing bell market break fall nifty 25000 sensex 585 point,Positive
trade spotlight trade hdfc bank infosys emudhra rr kabel vedanta others tuesday,Positive
stock radar tata motor nykaa zodiac energy bel eraaya lifespaces hitech pipe focus tuesday,Positive
bulk deal quant mf buy 11 stake heubach colorants,Positive
nifty sensex extend downturn sixth session broader market bleeds,Positive
taking stock sensex nifty fall sixth day row mid smallcaps crack,Positive
gainer loser stock sector moved october 7,Positive
buy signatureglobal india target r 1905 icici security,Positive
reliance power stock crash 5 lower circuit still overbought zone,Negative
gujarat pipavav stock drop 5 q2 business update disappoints,Negative
buy vedanta target r 600 icici security,Positive
buy titan company target r 4400 emkay global financial,Negative
valuation defence sector comparatively high growth justify idbi capitalâs amey belolkar,Positive
midday mood nifty sensex trade lower amid volatility psu bank energy stock dent sentiment,Negative
neutral gujarat state petronet target r 472 motilal oswal,Positive
buy amber enterprise target r 5500 motilal oswal,Positive
buy kaynes technology target r 6400 motilal oswal,Positive
suzlon energy share plunge 5 falling 8th straight session whats dragging multibagger stock,Negative
buy hdfc bank target r 1900 sharekhan,Positive
mtnl stock plunge sbi label psu npa amid r 32553 crore debt,Positive
majority prefer deploying cash largecaps avoiding small midcaps mc market poll,Positive
vodafone idea stock tank 9 amid buzz dot notice nonsubmission bank guarantee,Positive
bank deposit finally showing strength,Positive
kalyan jeweller stock drop 5 amid rush book profit healthy q2 update,Negative
stock day tarsons product â good time look healthcare proxy,Positive
titan company q2 good shape healthy longterm outlook,Negative
au small finance bank share gain 3 healthy loan deposit growth q2,Positive
nbcc share price surge 4 stock trade exbonus 90 crore share issued,Positive
investment rise sun pharma watch impact profit margin,Positive
chart day whats driving logistic sector growth,Positive
heidelbergcement india pares early gain company clarifies adani buyout buzz,Negative
cg power share rise deal buy renesas rf business,Positive
godrej property stock jump 2 record booking collection q2fy25,Positive
agri pick report october 07 2024 geojit financial service,Negative
bandhan bank stock gain 25 healthy q2 biz update,Positive
chartist talk ashish kyal see bullish momentum sakthi sugar infosys resuming upward trend soon current volatility,Positive
titan q2 business update betterthanexpected strong gold demand say brokerage,Positive
oneoff enticing fo bet drowning young indian investor,Positive
first tick top 10 global cue todayâs trade,Positive
macrotech developer stock jump 3 record presales q2 nomura reaffirms buy,Positive
lupin share trade lower five observation usfda pune facility,Negative
antony waste handling share gain 8 contract win worth r 908 crore,Positive
mc market poll expert discount china factor say high valuation earnings disappointment biggest risk,Positive
closing bell nifty 24800 sensex 638 pt index outperforms,Negative
stock radar titan jio financial bandhan bank lupin cg power diffusion engineer gail focus monday,Positive
jigar patel see nifty bouncing back toward 25500 steep fall last week bet 3 stock,Positive
trade spotlight trade dr lal pathlabs jk paper jubilant ingrevia anant raj others monday,Positive
investment insight one successful midcap fund manager india,Positive
chartist talk sudeep shah sbi security see potential opportunity investor sector given strong technical indicator,Positive
market snap 3week run post biggest weekly drop since 2022,Negative
broader index outperform 48 smallcaps give double digit return,Positive
taking stock sensex nifty record biggest weekly fall since june 2022,Positive
gainer loser stock sector moved october 4,Positive
buy zydus lifesciences target r 1268 sharekhan,Positive
buy indian hotel company target r 774 sharekhan,Negative
vip industry stock surge 8 tieup unicommerce streamline postpurchase ecommerce operation,Positive
bank baroda rise 4 healthy q2 update citi morgan stanley forecast 17 upside,Positive
sell fine organic industry target r 4095 motilal oswal,Negative
r system stock skyrocket 10 8 equity change hand,Positive
samir arora market fall china rebalance tactical shortterm move canât predict geopolitical risk âreactiveâ global cue,Positive
reliance power stock crash 5 lower circuit anil ambani firm announces r 4200 crore fccbs,Negative
discovery series juniper hotel check hotel stock,Positive
mm financial stock dive 7 growth asset quality disappoint q2,Positive
varun beverage share earn buy call citi 38 upside seen multibagger stock,Positive
bajaj finance stock drop 3 q2 aum growth weakest six quarter,Negative
agri pick report october 04 2024 geojit financial service,Negative
aditya birla capital nbfc growth track,Positive
investec remains bullish cipla forecast 1213 growth india pharma market,Positive
short call bull market ready buckle amid geopolitical storm petronet lng dabur crompton greave focus,Negative
dmart q2 growth underwhelms brokerage split avenue supermarts stock analyst flag store expansion risk,Positive
shilpa medicare share gain post cep edqm diabetes drug,Positive
world street eu vote chinese ev tariff zuckerberg surpasses bezos second richest shein eye london ipo,Positive
closing bell market cant break fall nifty sensex almost percent,Positive
first tick top 10 global cue todayâs trade,Positive
trade spotlight trade sbi life kpit tech petronet lng colgate jindal steel others friday,Positive
stock radar bajaj finance aarti drug shilpa medicare cesc ola electric diffusion engineer focus friday,Positive
block deal bnp paribas financial market sell 4375 lakh share hdfc bank,Negative
fiis net sell r 15243crore share diis net buy share worth r 12914 crore,Positive
market volatility likely continue investor position,Positive
gainer loser stock sector moved october 3,Positive
taking stock sensex nifty plummet 2 investor wealth worth nearly r 10 lakh crore wiped,Positive
live sensex crack 1800 pt nifty 550 pt crude derivative focus closing bell,Positive
dlf sobha realty stock plunge 6 amid market weakness mumbai property market slump,Positive
investment strategy volatility buy dip sell avoid,Positive
shivalik rasayan skyrocket 15 usfdas approval dahej api facility,Positive
buy kalpataru project international target r 1570 sharekhan,Positive
godrej property stock slump 4 despite investec upgrade brokerage see 30 upside,Positive
tata motor share tumble september sale slip 15 stock 12 month,Positive
buy petronet lng target r 425 emkay global financial,Positive
buy coal india target r 600 emkay global financial,Positive
maruti suzuki stock drop 2 domestic sale decline september,Negative
greed return overpower risk stock valuation diverging fair value kotak institutional equity,Positive
reduce mahindra finance target r 270 emkay global financial,Positive
bpcl hpcl iocl slump upto 4 crude price spike amid deepening middle east crisis,Positive
jefferies see 11 upside ntpc stock base case amid renewable energy growth plan,Positive
itd cementation stock zoom 20 upper circuit bagging order worth r 1937 crore,Positive
reliance power reliance infra stock surge upto 5 group foray bhutan,Positive
bse mcx share soar 8 following lenientthanexpected fo norm,Positive
stock radar mankind pharma zydus lifesciences ashoka buildcon hero motocorp focus,Positive
transformer rectifier stock soar 5 r 565 crore order win,Positive
sebiâs new fo framework could curb retail participation expert question impact reducing loss,Positive
techera engineering share list 52 premium ipo price nse sme,Positive
brokerage see indian steelmaker sweet spot jsw steel tata steel jspl surge 13,Positive
twowheelers export drive auto number september,Positive
equity oil market may look past israeliran conflict,Positive
broking stock slip 3 sebi tightens fo framework effective nov 20,Positive
sebi fo curb deal blow marketâs stakeholder,Positive
kpit technology share rise jpmorgan upgrade overweight,Positive
short call september auto sale could spur correction slight revival china worrying india say expert hero motocorp aurobindo pharma focus,Negative
agri pick report october 03 2024 geojit financial service,Negative
live nifty post 4th day slide weekly expiry day sebi tightens fo framework opening bell,Positive
itâs raining ipo year r 12000 crore raised september,Positive
sustained rural recovery pricing spell good news fmcg growth,Positive
nmdc stock focus strong sale growth ore price hike amid rising global demand,Positive
dabur signal fall profit revenue q2 low consumer offtake brokerage slash target share crack 8,Negative
ashoka buildcon stock gain 2 securing epc contract worth r 1738 crore,Positive
man infraconstruction secures cc residential project mumbai share marginally,Positive
zydus lifesciences get usfda tentative approval cancer drug share trade lower,Negative
closing bell sensex tank 1769 point nifty 2 biggest market fall 2 month,Positive
first tick top 10 global cue todayâs trade,Positive
trade spotlight trade siemens century textile brigade enterprise coromandel chambal fertiliser others thursday,Positive
stock radar eicher motor hero motocorp mankind pharma ashoka buildcon krn heat itc focus thursday,Positive
top 24 stock buy sell avoid coming market correction,Negative
shankar sharma ambareesh baliga vijay kedia market volatility advise investor adventurous,Positive
oil spoil market party impact economy market sentiment sector stock,Positive
stock market holiday today bse nse remain shut gandhi jayanti,Positive
diis net buy share worth r 4610 crore fiis net sell share worth r 5579 crore,Positive
bulk deal plutus wealth management buy 75 lakh share spicejet,Positive
investor gain asbalike mechanism income broking firm likely take hit,Positive
90 top 30 largest em fund currently underweight china,Positive
taking stock sensex nifty end marginally lower shine oil gas drag,Negative
live sensex 1500 pt record high nifty 26000 auto gold financier focus closing bell,Positive
gainer loser stock sector moved october 1,Positive
market pricing middle east conflict risk yet correction likely crude oil spike analyst,Positive
buy adani energy solution target r 1318 icici security,Positive
bajaj auto stock slip third straight day despite 22 rise september sale profit booking,Positive
buy icici prudential life insurance company target r 920 sharekhan,Negative
andhra cement stock hit 10 upper circuit firm file draft raise r 180 cr via right issue,Positive
buy ipca laboratory target r 1734 sharekhan,Positive
nalco stock hit record high kotak institutional equity upgrade add,Positive
stock day craftsman automation capitalising aluminium trend automotive cv upcycle,Positive
stock radar india glycol tata power unichem lab blue dart ntpc focus,Positive
buy jindal steel power target r 1200 motilal oswal,Positive
angel one stock jump 7 following brokerage commercial pricing revision,Positive
indiaâs mcap drop second straight month biggest fall among top 10 market,Negative
caplin point laboratory stock surge 6 bullish momentum,Positive
advent groupâs equity infusion mean apollo hospital stock,Positive
ntpc share rise ipobound arm sign renewable energy mou rajasthan,Positive
kaynes technology share fall 2 despite m overweight call see 22 upside,Positive
ireda share slip despite robust q2 biz update disbursement 56,Positive
blue dart stock surge 6 firm take price hike january 1,Positive
mm share rise september sale jump 16 led suv,Positive
pc jeweller stock hit upper circuit co plan stock split r 646 crore fund raise promoter,Positive
agri pick report october 01 2024 geojit financial service,Negative
live sensex nifty undergo deeper correction sebi rule fo change opening bell,Positive
manappuram finance muthoot finance slip upto 3 rbi tightens rule gold financier,Positive
buy nazara technology target r 1185 prabhudas lilladher,Positive
zen technology secures r 46 crore defence contract multibagger stock gain,Positive
vodafone idea stock plunge 33 sep r 34000 crore mcap wiped,Positive
pb fintech stock get thumb jefferies 100 million healthcare investment,Positive
india glycol share gain 8 post capacity expansion,Positive
tata power share gain mou rajasthan govt investment r 12 lakh cr,Positive
bank maharashtra stock focus psu bank launch qip raise r 3500 crore,Positive
closing bell sensex nifty end flat amid volatility stock outshine,Positive
first tick top 10 global cue todayâs trade,Positive
trade spotlight trade aditya birla capital indraprastha gas kims pcbl jindal steel others tuesday,Positive
stock radar bank maharashtra tata power unichem lab alphageo india spicejet focus tuesday,Positive
fiis net sell share worth r 9792 crore diis net buy r 6646 crore,Positive
china market rally unlikely trigger major fpi shift india kotak equity,Positive
live sensex give 1200 pt nifty 26000 metal stock shine closing bell,Positive
taking stock profit booking drag nifty 25850 sensex slip 1272 pt medium metal shine,Positive
gainer loser stock sector moved september 30,Positive
buy tata power company target r 540 sharekhan,Negative
aurobindo pharma stock drop 45 usfda flag 10 observation arm apitorias api unit,Negative
stock day steam left home first finance stock,Positive
buy amber enterprise india target r 5500 sharekhan,Positive
biocon share slip 2 u fda slap four observation,Positive
buy larsen toubro target r 4550 sharekhan,Positive
ola electric stock fall 4 slip r 100mark first time since listing,Negative
stock radar welspun enterprise apollo hospital adani enterprise tata motor focus,Positive
reduce navin fluorine target r 3500 emkay global financial,Positive
nifty realty slip second day q3 2024 housing sale fall 11 yoy,Positive
para defence stock surge 5 r 293 crore order win,Positive
saregama india stock skyrocket 10 amid heavy trading volume 20 one week,Positive
buy bank baroda target r 290 motilal oswal,Positive
hero motocorp bajaj auto share slip 3 ubs say sell likely high discounting festive season,Negative
persistent system share price green amid broader sector fall following small acquisition ai space,Positive
cantabil retail india demand pick h2 valuation attractive,Positive
pb fintech stock jump 3 co clarifies healthcare plan proposes onetime minority investment,Positive
lt food krbl surge 4 govt slash export duty parboiled rice,Positive
wol 3d india share list 20 premium ipo price nse sme,Positive
rappid valve india share debut 40 premium ipo price nse sme,Positive
manba finance share list 25 premium ipo price,Positive
max estate share rise 3 r 4100crore pre sale estate 360 project,Positive
metal stock soar nmdc lead gain amid surge iron ore price china stimulus,Positive
september see largest retail selloff since march net selling r 7500 crore,Negative
chart day market responded fed interest rate cut,Negative
zydus life share gain 1 today u fda approves cancer drug worth 870 million,Positive
nifty see consolidation end sept high bse bel trent focus opening bell,Positive
hsbc initiate coverage varun beverage buy tag see 28 upside potential,Positive
agri pick report september 30 2024 geojit financial service,Positive
coromandelâs backward integration yield tangible earnings benefit,Positive
welspun enterprise share gain 3 contract win worth r 1990 crore bmc,Positive
piramal pharma share gain 2 eir usfda ahmedabad facility,Positive
closing bell sensex tank 1272 pt nifty 25850 auto bank realty major drag,Negative
first tick top 10 global cue todayâs trade,Positive
stock radar welspun enterprise zomato bse apollo hospital biocon lupin focus monday,Positive
fpis inflow hit 9month high r 57359 cr equity sep surpasses r 1 lakh cr mark,Positive
trade spotlight trade tata steel polycab chambal fertiliser canara bank vedanta others monday,Positive
mcap 8 top10 valued firm surge r 121 lakh cr reliance biggest winner,Positive
cautious although upside toward 26500 likely nifty pick top 2 psu bank say anand rathis jigar patel,Positive
market continues record run second week sector gain,Positive
48 smallcaps give doubledigit gain broader index climb fresh high,Positive
dow post record high close sp 500 nasdaq end,Positive
bulk deal morgan stanley societe generale citigroup buy 28 stake sterling wilson renewable energy,Positive
fiis net sell share worth r 1209 crore diis net buy r 6887crore share,Positive
trader view early sign visible sugar stock turning sweet,Positive
live nifty clock hattrick 3rd straight week gain stock focus closing bell,Positive
gainer loser stock sector moved september 27,Positive
taking stock nifty 26200 sensex fall 264 pt gain 1 week,Positive
buy tata power company target r 540 sharekhan,Negative
brokerage cautious pb fintechs foray healthcare sector,Positive
zee medium stock locked 10 upper circuit board approves fundraising r 200 crore via issue warrant,Positive
wager stronger indian rupee grow dovish fed outlook yuan rally,Positive
bpcl stock surge 7 hit alltime high amid spurt volume,Positive
buy amber enterprise india target r 5500 sharekhan,Positive
reliance power stock hit 5 upper circuit 8th straight session double ytd,Positive
ptc industry stock jump 2 bae system deal supply titanium casting m777 howitzer,Positive
sjvn stock rise 35 firm ink two mous government maharashtra,Positive
bondada engg stock surge 5 bagging r 468 cr order kpi green,Positive
suzlon energy stock downgraded morgan stanley doubling ytd target price still raised,Positive
buy crompton greave consumer target r 552 anand rathi,Positive
sterling wilson renewable stock rise 25 r 1192 crore large deal,Positive
buy crompton greave consumer electricals target r 536 prabhudas lilladher,Positive
buy narayana hrudayalaya target r 2145 cholamandalam security,Positive
mcdonaldâs operator westlife foodworld stock surge 6 goldman sachs upgrade heavy volume,Positive
accentureâs positive pitch report help indian stock,Positive
agri pick report september 27 2024 geojit financial service,Negative
nuvama wealth block deal 62 equity sold edel finance co ecap equity likely offload stake,Positive
shivalik bimetal surge 45 r 500 crore block deal,Positive
live recordbreaking rally continue 7th straight day nifty rejig focus opening bell,Positive
ubs initiate sell call slew pharma major see growth slowdown india u mkts,Negative
ipo sebi approves hyundai motor indiaâs 3bn ipo swiggyâs 125bn ipo,Positive
railtel corporation share gain 3 bagging order worth r 15572 crore,Positive
rite share despite consortium emerges lowest bidder delhi metro project,Positive
closing bell nifty 26200 sensex 264 pt bank realty major drag,Positive
first tick top 10 global cue todayâs trade,Positive
trade spotlight trade paytm eicher motor hindalco union bank jindal steel others friday,Positive
stock radar nuvama wealth torrent pharma piramal enterprise railtel corporation focus friday,Positive
sebi working dozen ai project enhance efficiency process say madhabi puri buch,Positive
bulk deal icici prudential mf buy 225 stake amrutanjan health care,Positive
diis net bought share worth r 2405 crore,Positive
live nifty hit new high top 26200 expiry day midcaps bleed 2nd day closing bell,Positive
gainer loser 10 stock moved september 26,Positive
taking stock nifty close 26200 monthly fo expiry day sensex jump 666 pt,Positive
swan energy share price surge heavy volume multibagger stock 100 year,Positive
vijay kedia backed affordable robotic automation 9 nse nod mainboard migration,Positive
itc share hit record high marketcap move past r 65 lakh crore first time,Positive
buy cam target r 5100 motilal oswal,Positive
buy radico khaitan target r 2489 sharekhan,Positive
buy bajaj finserv target r 2350 sharekhan,Positive
samvardhana motherson stock hit record high amid heavy volume,Positive
large trade paytm share r 328crore equity stake change hand stock jump 3,Positive
stock surged 630 one year analyst still bullish outlookâ â,Positive
buy bajaj finance target r 9940 sharekhan,Positive
prism johnson share skyrocket 15 heavy volume stock 30 ytd,Positive
iex share bounce back 4 twoday fall investec initiate long fast,Positive
tata motor share rise 2 jlrâs âł500 million electric suv investment plan,Positive
easy trip planner stock bounce back 3day fall surge 7,Positive
mukta art stock zoom 18 52week subhash ghaiâs firm ink deal zee entertainment,Positive
gensol engg stock snap 9day losing streak zoom 8 promoter hike stake,Positive
tax filing complexity forcing hnis ditch pm opt aif,Positive
hold deepak nitrite target r 2596 cd equisearch,Positive
hold metro brand target r 1268 prabhudas lilladher,Positive
neutral nocil target r 305 motilal oswal,Positive
subscribe diffusion engineer ltd kr choksey,Positive
krsnaa diagnostics share soar 4 plan acquire 2353 stake apulki healthcare,Positive
prestige estate share gain launching residential project bengaluru,Positive
subscribe diffusion engineer ltd anand rathi,Positive
spicejet stock edge even carlyle aviation offloads 14 stake,Positive
kalana ispat share list 32 discount ipo price nse sme,Positive
mr bectors food speciality remain bullish company,Negative
hero motocorp share slip 2 ubs reiterates sell see 45 downside,Negative
ola electric mobility share 3 hsbc maintains buy see 36 upside,Positive
nifty scale 26k â time book gain stay put,Positive
trent share rise 3 citi initiate buy forecast 21 upside,Positive
five star business finance block deal equity worth r 203460 cr sold peak xv pe investor likely offload 112 stake,Positive
agri pick report september 26 2024 geojit financial service,Negative
hdfc bank loan growth may slow 10 macquarie bullish set r 1900 share price target,Positive
pb fintech slump 8 even policybazaar parent eye healthcare sector multibagger zoom 130 year,Positive
short call cement conundrum housing construction setback valuation donât add power grid piramal pharma focus,Negative
zaggle prepaid share gain 6 acquisition 98 stake service company,Negative
investor love power grid despite slower growth profile,Positive
tpg asia peak xv partner offload five star business finance share r 4300crore block deal today,Positive
first tick top 10 global cue todayâs trade,Positive
closing bell nifty cross 26200 expiry day sensex rise 666 pt led auto metal,Positive
trade spotlight trade axis bank power grid petronet lng godrej property others thursday,Positive
stock radar vedanta infosys ask automotive five star finance pb fintech kpr mill focus thursday,Positive
fiis net sell share worth r 974 crore diis net buy r 1779 crore,Positive
nifty revers course hit new high last half hour bank recover day low closing bell,Positive
pevcs rush get lucrative exit ipo market trade record high level,Negative
taking stock nifty close 26000 first time sensex gain 256 pt,Positive
gainer loser 10 stock moved september 25,Positive
exxaro tile stock extend gain 28 two day stock split buzz,Positive
buy piramal pharma target r 260 motilal oswal,Positive
buy gravita india target r 2900 motilal oswal,Positive
iex share extend loss fo trading ban potential market coupling implementation fy25,Positive
ntpc share rise hit alltime high goldman sachs remains bullish,Positive
hdfc bank gain hsbc upgrade target price see 12 potential upside,Positive
spicejet share tumble 7 even cmd ajay singh try allay concern,Positive
subscribe krn heat exchanger refrigeration ltd anand rathi,Positive
neutral sbi card target r 850 motilal oswal,Positive
buy affle india target r 1820 sharekhan,Positive
subscribe krn heat exchanger refrigeration ltd kr choksey,Positive
zee medium stock skyrocket 13 board consider fundraising option sept 27,Positive
waaree energy ipo likely launched midoctober need know,Positive
paramount speciality forging list 40 premium ipo price nse sme,Positive
solar industry gain 2 securing nclts nod unit merger rajasthan explosive,Positive
ola electric share rise 3 bernstein highlight robust growth prospect,Positive
mcx stock rise transaction fee revision fo contract morgan stanley maintains underperform rating,Positive
rate cut round corner ōćō investor prefer nbfcs bank,Negative
bel share rise macquarie give outperform call see 20 upside,Positive
delta corp stock zoom 8 firm announces demerger hospitality real estate business,Positive
agri pick report september 25 2024 geojit financial service,Negative
ola electric lead e2w market superior margin close profitability bernstein report,Negative
power grid benefit indiaōćös transmission capex supercycle goldman sachs reiterates bullishness,Positive
world street opec demand surge forecast smartsheet buyout visa lawsuit mark zuckerbergōćös wealth rise murdoch family feud,Positive
gillette india share 2 pg bangladesh terminates distribution pact,Positive
hindustan food share 2 merger promoterōćéowned entity,Positive
closing bell sensex 260 pt nifty 26000 led medium power realty,Positive
first tick top 10 global cue todayōćös trade,Positive
stock radar easy trip baazar style retail mcx delta corp apollo sindoori hotel focus wednesday,Positive
trade spotlight trade hdfc life cesc siemens firstsource kpr mill others wednesday,Positive
pc jeweller hold board meet september 30 consider stock split,Positive
bulk deal mirae asset mutual fund 3022 share cartrade tech,Positive
nifty hit 26000 milestone sensex conquers 85000 metal shine china stimulus closing bell,Positive
taking stock market fails hold record high nifty cross 26000 sensex 85000,Positive
gainer loser stock moved september 24,Positive
spurt abrupt resignation statutory auditor point governance issue,Positive
buy united brewery target r 2350 anand rathi,Positive
buy aarti industry target r 675 emkay global financial,Positive
buy gmr power urban infra target r 180 emkay global financial,Positive
held quant mf small cap stock 20 here,Positive
rich individual seek quantbased strategy pm investment,Positive
reduce fusion finance target r 260 emkay global financial,Positive
pnb stock slip 25 qip launched discounted price,Positive
mankind pharma extends winning streak fourth day hit record high,Positive
neutral bharat forge target r 1470 motilal oswal,Positive
buy icici lombard target r 2650 motilal oswal,Positive
buy vedant fashion target r 1600 icici security,Positive
kfc pizza hut operator sapphire food stock surge 12 new high large trade,Positive
hold vodafone idea target r 11 icici security,Positive
sealmatic india stock surge 6 bagging power plant project bhel,Positive
buy pitti engineering target r 1552 kr choksey,Positive
indian utility offer r 40 lakh crore investment opportunity buy power grid tata power motilal oswal,Positive
pelatro ipo share list 375 premium ipo price nse sme,Positive
popular foundation share price hit lower circuit post listing fall 5 ipo price,Negative
metal stock surge upto 5 china announces fresh stimulus bolster economy,Positive
deccan transcon leasing debut 7 premium ipo price nse sme,Positive
envirotech system list 89 premium ipo price nse sme,Positive
osel device make decent debut 24 premium ipo price nse sme,Positive
reliance power stock locked 5 upper circuit r 1525 crore preferential issue,Positive
spandana sphoorty financial share rise 4 sale stressed loan portfolio r 1674 crore,Positive
western carrier muted debut stock list marginally ipo price miss gmp,Positive
gmr power urban hit 5 upper circuit new record high emkay globals buy call,Positive
northern arc capital share list 33 premium bumper ipo bidding miss gmp,Positive
arkade developer debut 37 premium ipo price miss gmp estimate,Positive
gr infraprojects stock jump 4 bagging r 9035 crore contract maha metro nagpur project,Positive
muthoot finance â shine stay,Positive
agri pick report september 24 2024 geojit financial service,Negative
mofsl see subscriber churn key challenge vodafone idea stock,Positive
stay selective stock amid soft management commentary rich valuation jefferies,Positive
coal india stock gain forming jv rrvunl thermal renewable energy project,Positive
first tick top 10 global cue todayâs trade,Positive
ongc videsh ink gas deal azerbaijan morgan stanley see 45 upside,Positive
power grid corporation share gain winning interstate transmission project,Positive
astrazeneca pharma share jump 12 52week high cdsco permission,Positive
closing bell sensex nifty end flat power metal shine psu bank fmcg drag,Positive
stock radar ongc reliance pnb astrazeneca gr infra bgr energy arkade developer coal india focus tuesday,Positive
bulk deal ashish kacholia sell 056 stake sky gold,Negative
trading plan nifty climb psychological 26000 mark bank nifty hit 54500,Positive
trade spotlight trade siemens mankind pharma kotak bank dlf indegene others tuesday,Positive
fiis net buy share worth r 404 crore diis net buy r 1023 crore,Positive
number woman fo trader reduced fy22 fy24 sebi study,Positive
gainer loser 10 stock moved september 23,Positive
taking stock record rally continues nifty close 25900 sensex 384 pt,Positive
reliance power share locked 5 upper circuit multibagger stock zoom 100 year,Positive
skipper share rocket 16 axis initiate coverage buy,Positive
nbcc india share rise 25 r 1261 crore order win,Positive
psp project share rise 5 new order worth r 555 crore,Positive
buy mahindra mahindra financial service target r 380 axis capital,Positive
hind rectifier stock locked 5 upper circuit r 200 crore order indian railway,Positive
hdb finance take coveted title valued nbfc bajaj housing finance,Positive
sc refuse stay linde india valuation probe sat dismisses plea stock jump potential gain,Positive
hold cera sanitaryware target r 8637 icici security,Positive
sbfc finance jump 18 hit new record high icra upgrade outlook stable,Positive
asahi india glass stock soar record high amid heavy volume surge 25 four session,Positive
buy bharat heavy electricals target r 370 icici security,Positive
buy ntpc target r 495 icici security,Positive
subscribe manba finance ltd anand rathi,Positive
buy mahindra mahindra target r 3326 prabhudas lilladher,Positive
samvardhana motherson close qip strong demand raise 771 million,Positive
sodhani academy fintech enablers list 32 premium ipo price bse sme,Positive
short call timing market futile bull run vodafone spicejet hcl focus,Negative
buy jk cement target r 5600 motilal oswal,Positive
spicejet stock zoom 10 carrier raise r 3000 crore via qip goldman societe generale among investor,Positive
buy max healthcare target r 1240 motilal oswal,Positive
mankind pharma jump record high gain 9 two day investecs buy tag,Positive
buy ltimindtree target r 7500 sharekhan,Positive
accumulate itd cementation india target r 758 asit c mehta,Positive
mm share hit alltime high goldman sachs maintains buy robust prospect,Positive
hfcl share jump 5 deal supply critical subsystem general atomics,Positive
spicejet rebound post 4day fall sprint 6 board allots 48 crore share qibs,Positive
indus tower share surge 5 citis buy rating multibagger telco stock 102 ytd,Positive
glenmark pharma stock soar 75 aurangabad unit clear usfda inspection,Positive
chart day asset allocation mutual fund affect return,Positive
adani gas stock soar 6 securing 375 mn funding expand city gas distribution biz,Positive
slowdown urban consumption change preference clsa explains,Positive
kec international share surge 4 new order worth r 1003 crore,Positive
agri pick report september 23 2024 geojit financial service,Negative
fusion finance crash 10 hit 52week low investecs sell downgrade,Negative
investor give manba finance ipo miss,Positive
hdfc bank stock gain board approves hdb financial service proposed ipo,Positive
moneycontrol pro market outlook market shaky ground indicator flash warning,Positive
incred capital initiate add rating ugro capital forecast 36 potential upside,Positive
bhel share gain nearly 2 winning r 6100 cr project ntpc,Positive
aarti drug share trade lower 7 observation usfda,Negative
vodafone idea stock zoom 8 firm ink mega 36 bn deal three global network partner,Positive
world street apollo global may invest 5 bn intel oravel stay acquire g6 hospitality blackstone x complies brazilâs court order,Positive
closing bell nifty 25900 sensex gain 384 pt psu bank realty shine,Positive
first tick top 10 global cue todayâs trade,Positive
stock radar dr reddys mankind adani total gas aarti drug bhel hfcl vodafone focus monday,Positive
trade spotlight trade ujjivan sfb jsw energy marico thermax sbi life others monday,Positive
chartist talk sudeep shah sbi security explains bullish havells indian hotel,Positive
momentum could push nifty 50 towards 26000 pick 3 stock better return say anand rathis jigar patel,Positive
market climb fresh record high post fed outcome rupee strong,Positive
broader index new high 30 smallcaps gain 1050,Positive
bulk deal vanguard group buy share worth r 1000 crore 7 company,Positive
taking stock nifty close 25750 first time sensex jump 1360 pt realty index 3,Positive
live nifty conquers 25800 hit new high amid volatility iifl finance surge closing bell,Positive
hudco stock soar 10 heavy volume snap 5day losing streak,Positive
sell united brewery target r 1800 motilal oswal,Negative
adani energy solution share could rise 125 say global brokerage cantor,Positive
patel engineering share rise 5 nhpc contract sikkim,Positive
august prof mixed bag pm scheme even market stayed flat,Positive
buy iifl finance target r 600 motilal oswal,Positive
suzlon energy stock gain exclusion stage 1 additional surveillance measure framework,Positive
buy adani port sez target r 1850 motilal oswal,Positive
here multibagger railway wagon stock hit 5 upper circuit september 20,Positive
force motor stock zoom 10 month fourday slump,Positive
buy ltimindtree target r 7400 motilal oswal,Positive
banking stock continue struggle even rbi follows fed 50 bps rate cut path,Negative
jyothy lab share rise 2 acquiring quiclo tap laundry service industry,Positive
interglobe aviation skid 2 investecs sell downgrade predicts 15 slide,Negative
rite stock zoom 12 trade exdividend exbonus,Positive
interarch building product stock rise 10 new order worth r 633crore,Positive
material change market outlook post fed rate cut eye rbi mc poll,Negative
agri pick report september 20 2024 geojit financial service,Positive
sharda cropchem managed tide challenge,Positive
adani port stock edge mofsl reaffirms buy analyst see 31 upside,Positive
itd cementation share jump 20 upper circuit adani group acquisition news co clarifies,Positive
mankind pharma stock rise 4 investec initiate buy,Positive
weekly tactical pick midsized private bank merit look,Positive
brokerage weigh impact u court patent decision zydus life lupin share focus,Positive
slowmover ntpc built renewable energy powerhouse,Positive
phoenix mill share gain 2 post arm declares highest bidder two plot punjab,Positive
iifl finance share 11 rbi lift restriction gold loan biz,Positive
reliance infra share gain board approves r 6000 cr fundraising via preferential issue qip,Positive
ntpc stock rise board greenlights r 20832 cr investment two project,Positive
first tick top 10 global cue todayâs trade,Positive
blockbuster friday nifty 25800 sensex gain 1360 pt sector green,Positive
stock radar ntpc iifl finance tata power phoenix mill vst industry idfc first bank focus friday,Positive
trade spotlight trade zomato kotak bank dabur au sfb aditya birla capital others friday,Positive
bulk deal radhakishan damani sell 100000 share vst industry,Negative
technical view nifty hit record high fed rate cut consolidate 2530025500,Negative
gainer loser stock moved september 19,Positive
live nifty cool scaling 25500 midcaps low telecom focus closing bell,Positive
reduce sbi card target r 700 emkay global financial,Positive
nifty era early gain heavy short build relative weakness signal shortterm consolidation,Negative
aavas financier surge 3 board approves ncd issue raise r 630 crore,Positive
neogen chemical soar 13 hit new alltime high amid heavy volume,Positive
cementâs 100 billion illusion kotak say current valuation devoid logic,Negative
kotak downgrade hcl tech stock trade full valuation deal win moderate,Positive
info edge share rise 5 bofas double upgrade buy,Positive
buy tata motor target r 1175 emkay global financial,Positive
buy au small finance bank target r 830 motilal oswal,Positive
neutral procter gamble hygiene healthcare target r 17000 motilal oswal,Positive
hefty merchant banking fee ipo could success stock could well doldrums,Positive
vodafone idea indus tower share plummet 15 supreme court upholds agr ruling,Positive
buy karur vysya bank target r 270 icici security,Positive
sunteck realty soar 6 heavy volume technical breakout,Positive
hold mahanagar gas target r 1864 prabhudas lilladher,Positive
dcx system share rise 5 r 154cr order win israel,Positive
power grid stock rise jefferies issue buy 17 upside seen,Positive
max healthcare healthy pricey stock,Positive
rbi rate cut dilemma keep pace fed 50 bps slash take slow path easing,Negative
excellent wire packaging list 5 discount ipo price nse sme,Positive
tata motor stock snap 3day losing streak emkay upgrade buy,Positive
brainbees solution stock rise 7 bofa morgan stanley bullish outlook,Positive
agri pick report september 19 2024 geojit financial service,Negative
live fedâs jumbo rate cut send nifty 25500 ireda nazara tech focus opening bell,Negative
ion exchange stock soar 6 bagging contract worth r 1612 crore adani power,Positive
first tick top 10 global cue todayâs trade,Positive
macrotech developer buy ivanhoes interest three entity r 239 cr stock rise,Positive
stock dollar gain fed chart soft landing path,Positive
closing bell nifty around 25400 sensex 237 pt bank fmcg shine telecom worst hit,Negative
stock radar ireda ntpc ge td india lodha ion exchange power grid nazara focus thursday,Positive
trade spotlight trade bajaj finance nestle indian hotel natco pharma havells others thursday,Positive
cube highway trust launch block deal worth r 1600 crore thursday,Positive
bulk deal mirae asset mf buy 215 stake restaurant brand asia,Positive
diis net buy share worth r 152 crore fiis buy r 1154crore share,Positive
ireda get nod r 4500 crore fundraise via qip govt dilute 7 equity,Positive
taking stock nifty sensex slip record high ahead fed policy decision,Positive
gainer loser stock moved september 18,Positive
quantum mf file appeal nclat order approving delisting icici security,Positive
live nifty hit new high revers gain ahead fed decision big laggard closing bell,Positive
sbi card raise r 5000 crore via ncds board ok private placement security,Negative
renewable green energy stock shine government announces ambitious plan,Positive
premium valuation idbi bank factoring impending deal,Positive
dcm shriram industry pop 4 bse issue adverse observation merger plan,Positive
bajaj twin surge nearly 3 post bajaj housing stellar debut morgan stanley bullish call,Positive
buy lumax auto technology target r 682 sharekhan,Positive
buy transport corporation india target r 1400 sharekhan,Positive
buy cholamandalam investment finance company target r 1850 sharekhan,Negative
qip pipeline worth r 139 lakh crore set hit market soon,Positive
neutral interglobe aviation target r 4970 motilal oswal,Positive
buy senco gold target r 1600 emkay global financial,Positive
buy delhivery target r 600 icici security,Positive
guruspeak abhishek kadam algo trader strategy every market move,Positive
vakrangee share gain 7 tieup star health firm board consider fundraising,Positive
agri pick report september 18 2024 geojit financial service,Negative
